class,precision,recall,f1,support
Bacterial_spot,0.997093023255814,0.9942028985507246,0.9956458635703919,345
healthy,0.9636363636363636,0.9814814814814815,0.9724770642201835,54
