class,precision,recall,f1,support
Apple_scab,0.9555555555555556,0.9148936170212766,0.9347826086956522,94
Bacterial_spot,0.9822888283378747,0.8868388683886839,0.9321266968325792,813
Black_rot,0.896551724137931,0.9629629629629629,0.9285714285714286,270
Cedar_apple_rust,0.9285714285714286,0.9512195121951219,0.9397590361445783,41
Cercospora_leaf_spot Gray_leaf_spot,0.8536585365853658,0.9090909090909091,0.8805031446540881,77
Common_rust_,0.994413407821229,0.994413407821229,0.994413407821229,179
Early_blight,0.9017543859649123,0.8566666666666667,0.8786324786324786,300
Esca_(Black_Measles),0.983957219251337,0.8888888888888888,0.934010152284264,207
Late_blight,0.9049676025917927,0.9610091743119266,0.932146829810901,436
Leaf_Mold,0.9621212121212122,0.8881118881118881,0.9236363636363636,143
Leaf_blight_(Isariopsis_Leaf_Spot),0.9938271604938271,0.9938271604938271,0.9938271604938271,162
Leaf_scorch,0.9822485207100592,0.9940119760479041,0.9880952380952381,167
Northern_Leaf_Blight,0.9379310344827586,0.918918918918919,0.9283276450511946,148
Powdery_mildew,0.9811320754716981,0.9873417721518988,0.9842271293375394,158
Septoria_leaf_spot,0.8241042345276873,0.9547169811320755,0.8846153846153846,265
Spider_mites Two-spotted_spider_mite,0.8962962962962963,0.9603174603174603,0.9272030651340997,252
Target_Spot,0.6689655172413793,0.9238095238095239,0.776,210
Tomato_Yellow_Leaf_Curl_Virus,0.9936143039591315,0.9676616915422885,0.980466288594833,804
Tomato_mosaic_virus,0.859375,0.9821428571428571,0.9166666666666666,56
healthy,0.9768439108061749,0.9359079704190633,0.955937893411666,1217
