class,precision,recall,f1,support
Black_rot,0.9943502824858758,0.9943502824858758,0.9943502824858758,177
Esca_(Black_Measles),0.9951690821256038,0.9951690821256038,0.9951690821256038,207
Leaf_blight_(Isariopsis_Leaf_Spot),1.0,1.0,1.0,162
healthy,1.0,1.0,1.0,64
