class,precision,recall,f1,support
Bacterial_spot,0.9942363112391931,1.0,0.9971098265895953,345
healthy,1.0,0.9629629629629629,0.9811320754716981,54
