class,precision,recall,f1,support
Apple_scab,0.967741935483871,0.9574468085106383,0.9625668449197861,94
Bacterial_spot,0.994579945799458,0.9028290282902829,0.9464861379754996,813
Black_rot,0.942652329749104,0.9740740740740741,0.9581056466302368,270
Cedar_apple_rust,0.9047619047619048,0.926829268292683,0.9156626506024096,41
Cercospora_leaf_spot Gray_leaf_spot,0.8947368421052632,0.8831168831168831,0.8888888888888888,77
Common_rust_,0.994413407821229,0.994413407821229,0.994413407821229,179
Early_blight,0.9217687074829932,0.9033333333333333,0.9124579124579124,300
Esca_(Black_Measles),0.9850746268656716,0.9565217391304348,0.9705882352941176,207
Late_blight,0.9477272727272728,0.9564220183486238,0.952054794520548,436
Leaf_Mold,0.9776119402985075,0.916083916083916,0.9458483754512635,143
Leaf_blight_(Isariopsis_Leaf_Spot),0.9818181818181818,1.0,0.9908256880733946,162
Leaf_scorch,1.0,1.0,1.0,167
Northern_Leaf_Blight,0.9166666666666666,0.9662162162162162,0.9407894736842105,148
Powdery_mildew,0.9936305732484076,0.9873417721518988,0.9904761904761905,158
Septoria_leaf_spot,0.8610169491525423,0.9584905660377359,0.9071428571428571,265
Spider_mites Two-spotted_spider_mite,0.9122137404580153,0.9484126984126984,0.9299610894941635,252
Target_Spot,0.6779661016949152,0.9523809523809523,0.7920792079207921,210
Tomato_Yellow_Leaf_Curl_Virus,0.9827586206896551,0.9925373134328358,0.9876237623762376,804
Tomato_mosaic_virus,0.9,0.9642857142857143,0.9310344827586207,56
healthy,0.9861351819757366,0.9350862777321282,0.9599325179249262,1217
