class,precision,recall,f1,support
Apple_scab,1.0,0.9787234042553191,0.989247311827957,94
Bacterial_spot,0.9873096446700508,0.956949569495695,0.9718925671455341,813
Black_rot,0.9961977186311787,0.9703703703703703,0.9831144465290806,270
Cedar_apple_rust,1.0,1.0,1.0,41
Cercospora_leaf_spot Gray_leaf_spot,0.9473684210526315,0.935064935064935,0.9411764705882353,77
Common_rust_,0.9888888888888889,0.994413407821229,0.9916434540389972,179
Early_blight,0.959731543624161,0.9533333333333334,0.9565217391304348,300
Esca_(Black_Measles),0.9951456310679612,0.9903381642512077,0.9927360774818402,207
Late_blight,0.9841269841269841,0.9954128440366973,0.9897377423033067,436
Leaf_Mold,0.9930555555555556,1.0,0.9965156794425087,143
Leaf_blight_(Isariopsis_Leaf_Spot),1.0,0.9938271604938271,0.9969040247678018,162
Leaf_scorch,0.9881656804733728,1.0,0.9940476190476191,167
Northern_Leaf_Blight,0.9594594594594594,0.9594594594594594,0.9594594594594594,148
Powdery_mildew,1.0,0.9810126582278481,0.9904153354632588,158
Septoria_leaf_spot,0.9420289855072463,0.9811320754716981,0.9611829944547134,265
Spider_mites Two-spotted_spider_mite,0.9692307692307692,1.0,0.984375,252
Target_Spot,0.9324324324324325,0.9857142857142858,0.9583333333333334,210
Tomato_Yellow_Leaf_Curl_Virus,0.9816849816849816,1.0,0.9907578558225508,804
Tomato_mosaic_virus,1.0,1.0,1.0,56
healthy,0.9991694352159468,0.9884963023829088,0.9938042131350682,1217
