class,precision,recall,f1,support
Bacterial_spot,0.9913793103448276,1.0,0.9956709956709957,345
healthy,1.0,0.9444444444444444,0.9714285714285714,54
