class,precision,recall,f1,support
Apple_scab,0.9888888888888889,0.9468085106382979,0.967391304347826,94
Bacterial_spot,0.9848484848484849,0.959409594095941,0.9719626168224299,813
Black_rot,0.9962264150943396,0.9777777777777777,0.9869158878504672,270
Cedar_apple_rust,1.0,1.0,1.0,41
Cercospora_leaf_spot Gray_leaf_spot,0.9552238805970149,0.8311688311688312,0.8888888888888888,77
Common_rust_,0.994413407821229,0.994413407821229,0.994413407821229,179
Early_blight,0.9434628975265018,0.89,0.9159519725557461,300
Esca_(Black_Measles),0.9951690821256038,0.9951690821256038,0.9951690821256038,207
Late_blight,0.9622222222222222,0.9931192660550459,0.9774266365688488,436
Leaf_Mold,0.9930555555555556,1.0,0.9965156794425087,143
Leaf_blight_(Isariopsis_Leaf_Spot),1.0,0.9876543209876543,0.9937888198757764,162
Leaf_scorch,0.9823529411764705,1.0,0.9910979228486647,167
Northern_Leaf_Blight,0.910828025477707,0.9662162162162162,0.9377049180327869,148
Powdery_mildew,1.0,0.9936708860759493,0.9968253968253968,158
Septoria_leaf_spot,0.9280575539568345,0.9735849056603774,0.9502762430939227,265
Spider_mites Two-spotted_spider_mite,0.9691119691119691,0.996031746031746,0.9823874755381604,252
Target_Spot,0.9035087719298246,0.9809523809523809,0.9406392694063926,210
Tomato_Yellow_Leaf_Curl_Virus,0.9901112484548825,0.996268656716418,0.9931804091754495,804
Tomato_mosaic_virus,1.0,1.0,1.0,56
healthy,0.9966859983429992,0.9884963023829088,0.9925742574257426,1217
