class,precision,recall,f1,support
Bacterial_spot,0.9931972789115646,0.9798657718120806,0.9864864864864865,149
healthy,0.9866071428571429,0.9954954954954955,0.9910313901345291,222
