class,precision,recall,f1,support
Apple,0.9977578475336323,0.9408033826638478,0.9684439608269858,473
Cherry_(including_sour),0.993006993006993,0.993006993006993,0.993006993006993,286
Corn_(maize),1.0,1.0,1.0,578
Grape,0.9983552631578947,0.9950819672131147,0.9967159277504105,610
Peach,0.9706601466992665,0.9949874686716792,0.9826732673267327,399
"Pepper,_bell",0.9918478260869565,0.9838274932614556,0.9878213802435724,371
Potato,0.9741935483870968,0.934984520123839,0.9541864139020537,323
Strawberry,0.9915254237288136,0.9957446808510638,0.9936305732484076,235
Tomato,0.9836838288614939,0.9959618208516887,0.9897847500912076,2724
