class,precision,recall,f1,support
Bacterial_spot,1.0,0.9971014492753624,0.9985486211901307,345
healthy,0.9818181818181818,1.0,0.9908256880733946,54
