class,precision,recall,f1,support
Powdery_mildew,1.0,0.9936708860759493,0.9968253968253968,158
healthy,0.9922480620155039,1.0,0.9961089494163424,128
