class,precision,recall,f1,support
Bacterial_spot,0.9801324503311258,0.9932885906040269,0.9866666666666667,149
healthy,0.9954545454545455,0.9864864864864865,0.9909502262443439,222
