class,precision,recall,f1,support
Bacterial_spot,0.9932885906040269,0.9932885906040269,0.9932885906040269,149
healthy,0.9954954954954955,0.9954954954954955,0.9954954954954955,222
