{
  "Apple__Apple_scab": 1.924001924001924,
  "Apple__Black_rot": 1.9518860098570243,
  "Apple__Cedar_apple_rust": 4.40771349862259,
  "Apple__healthy": 0.736851800681588,
  "Cherry_(including_sour)__Powdery_mildew": 1.1522064754003918,
  "Cherry_(including_sour)__healthy": 1.4193456816407637,
  "Corn_(maize)__Cercospora_leaf_spot Gray_leaf_spot": 2.36280938035324,
  "Corn_(maize)__Common_rust_": 1.016880211511084,
  "Corn_(maize)__Northern_Leaf_Blight": 1.2305799107829565,
  "Corn_(maize)__healthy": 1.0431335732540552,
  "Grape__Black_rot": 1.027221366204417,
  "Grape__Esca_(Black_Measles)": 0.8764433927123731,
  "Grape__Leaf_blight_(Isariopsis_Leaf_Spot)": 1.1265067027148812,
  "Grape__healthy": 2.8655347804283973,
  "Peach__Bacterial_spot": 0.5276975237793696,
  "Peach__healthy": 3.367003367003367,
  "Pepper,_bell__Bacterial_spot": 1.2157685176742348,
  "Pepper,_bell__healthy": 0.8201090745069094,
  "Potato__Early_blight": 1.2121212121212122,
  "Potato__Late_blight": 1.2121212121212122,
  "Potato__healthy": 7.974481658692185,
  "Strawberry__Leaf_scorch": 1.0929857638604257,
  "Strawberry__healthy": 2.658160552897395,
  "Tomato__Bacterial_spot": 0.5698736305224317,
  "Tomato__Early_blight": 1.2121212121212122,
  "Tomato__Late_blight": 0.6349508706763815,
  "Tomato__Leaf_Mold": 1.2732365673542143,
  "Tomato__Septoria_leaf_spot": 0.6844275618979176,
  "Tomato__Spider_mites Two-spotted_spider_mite": 0.7232226802632531,
  "Tomato__Target_Spot": 0.86333419666753,
  "Tomato__Tomato_Yellow_Leaf_Curl_Virus": 0.22626866009356209,
  "Tomato__Tomato_mosaic_virus": 3.249654724185555,
  "Tomato__healthy": 0.761861226977506
}