{
  "Apple": 1.4015908055643156,
  "Cherry_(including_sour)": 2.3318176518596245,
  "Corn_(maize)": 1.1538017768547364,
  "Grape": 1.0941517588489524,
  "Peach": 1.6727303140551164,
  "Pepper,_bell": 1.7957351290684624,
  "Potato": 2.0652622883106155,
  "Strawberry": 2.839900603478878,
  "Tomato": 0.24473813020068527
}